"File","Module","Line","Type","Target","Reason"
"nav.adoc","ROOT","57","xref","espd-wgm::index.adoc","Page not found: ROOT:espd-wgm::index.adoc"
"nav.adoc","ROOT","58","xref","espd-wgm::monthly.adoc","Page not found: ROOT:espd-wgm::monthly.adoc"
"nav.adoc","ROOT","59","xref","espd-wgm::annual.adoc","Page not found: ROOT:espd-wgm::annual.adoc"
"pages/index-new.adoc","ROOT","79","xref","espd-wgm::index.adoc","Page not found: ROOT:espd-wgm::index.adoc"
"pages/index.adoc","ROOT","26","xref","espd-bus::creating.adoc","Page not found: ROOT:espd-bus::creating.adoc"
"pages/index.adoc","ROOT","27","xref","espd-bus::overview_upgrades.adoc","Page not found: ROOT:espd-bus::overview_upgrades.adoc"
"pages/index.adoc","ROOT","32","xref","espd-tech::demo.adoc","Page not found: ROOT:espd-tech::demo.adoc"
"pages/business_info.adoc","business","63","image","espd_timeline.png","Image not found: espd_timeline.png"
"pages/index.adoc","business","50","xref","creating.adoc","Page not found: business:creating.adoc"
"pages/index.adoc","business","58","xref","overview_upgrades.adoc","Page not found: business:overview_upgrades.adoc"
"pages/using.adoc","business","17","xref","number.adoc","Page not found: business:number.adoc"
"pages/using.adoc","business","24","xref","reuse.adoc","Page not found: business:reuse.adoc"
"pages/using.adoc","business","29","xref","evidence.adoc","Page not found: business:evidence.adoc"
"pages/using.adoc","business","33","xref","subcon.adoc","Page not found: business:subcon.adoc"
"pages/exclusion-grounds.adoc","technical","29","image","Exclusion_criteria_clasification.jpg","Image not found: Exclusion_criteria_clasification.jpg"
"pages/repositories-downloads.adoc","technical","100","xref","espd-wgm::index.adoc","Page not found: technical:espd-wgm::index.adoc"
"pages/response-model-reference.adoc","technical","1390","xref","2.5_Lot_Management_in_ESPD_Request.adoc","Page not found: technical:2.5_Lot_Management_in_ESPD_Request.adoc"
"pages/selection-criteria.adoc","technical","191","image","General_Yearly_Turnovers_criterion_data_structure.jpg","Image not found: General_Yearly_Turnovers_criterion_data_structure.jpg"
"pages/selection-criteria.adoc","technical","292","image","Specific_yearly turnover_criterion_data_structure.jpg","Image not found: Specific_yearly turnover_criterion_data_structure.jpg"
"pages/selection-criteria.adoc","technical","716","image","abilitites-education-datastructure.png.jpg","Image not found: abilitites-education-datastructure.png.jpg"
"pages/selection-criteria.adoc","technical","752","image","Special_requierements_check_CA_mock-up.jpg","Image not found: Special_requierements_check_CA_mock-up.jpg"
"pages/tech_exclusion_criteria.adoc","technical","22","image","Exclusion_criteria_clasification.jpg","Image not found: Exclusion_criteria_clasification.jpg"
"pages/tech_response.adoc","technical","1446","xref","2.5_Lot_Management_in_ESPD_Request.adoc","Page not found: technical:2.5_Lot_Management_in_ESPD_Request.adoc"
"pages/tech_selection_criteria.adoc","technical","188","image","General_Yearly_Turnovers_criterion_data_structure.jpg","Image not found: General_Yearly_Turnovers_criterion_data_structure.jpg"
"pages/tech_selection_criteria.adoc","technical","289","image","Specific_yearly turnover_criterion_data_structure.jpg","Image not found: Specific_yearly turnover_criterion_data_structure.jpg"
"pages/tech_selection_criteria.adoc","technical","713","image","abilitites-education-datastructure.png.jpg","Image not found: abilitites-education-datastructure.png.jpg"
"pages/tech_selection_criteria.adoc","technical","749","image","Special_requierements_check_CA_mock-up.jpg","Image not found: Special_requierements_check_CA_mock-up.jpg"
"pages/tech_validation.adoc","technical","70","image","Execution_validation_process.jpg","Image not found: Execution_validation_process.jpg"
"pages/tech_validation.adoc","technical","136","image","ESPD_Schematorn_lyfe-cycle.jpg","Image not found: ESPD_Schematorn_lyfe-cycle.jpg"
"pages/what-is-espd.adoc","technical","46","image","espd_timeline.png","Image not found: espd_timeline.png"
